{
  "final_reproj_error": 0.3775081309958468,
  "fps": 29.42137953579601,
  "image_height": 720,
  "image_width": 1280,
  "intrinsic_type": "PINHOLE_RADIAL_TANGENTIAL",
  "intrinsics": {
    "aspect_ratio": 1.0053623471094628,
    "focal_length": 939.6315647750445,
    "principal_pt_x": 632.6354428495104,
    "principal_pt_y": 358.0252990694845,
    "radial_distortion_1": 0.0065840882805085635,
    "radial_distortion_2": 1.8105800356522258e-10,
    "radial_distortion_3": -1.0637308489937445e-16,
    "skew": 0.0,
    "tangential_distortion_1": -0.001169318579915325,
    "tangential_distortion_2": -0.0026622294149314138
  },
  "nr_calib_images": 73,
  "stabelized": false
}
